right_color,practice_condition,group,correct,left_color,practice_loop.thisRepN,practice_loop.thisTrialN,practice_loop.thisN,practice_loop.thisIndex,key_resp_1.keys,key_resp_1.rt,key_resp_2.keys,key_resp_2.rt,key_resp_3.keys,key_resp_3.rt,key_resp_4.keys,key_resp_4.rt,practice_key.keys,practice_key.rt,expName,Name,Gender,Age,frameRate,Hand,Session,date,
,,,,,,,,,space,1.34931516647,,,,,,,,,agency_v2,,Female,,30.0017453255,,001,2017_May_26_1047,
,,,,,,,,,,,space,0.637712955475,,,,,,,agency_v2,,Female,,30.0017453255,,001,2017_May_26_1047,
,,,,,,,,,,,,,space,1.8388531208,,,,,agency_v2,,Female,,30.0017453255,,001,2017_May_26_1047,
,,,,,,,,,,,,,,,space,0.570120096207,,,agency_v2,,Female,,30.0017453255,,001,2017_May_26_1047,
orange,20,2,"left,right",red,0,0,0,19,,,,,,,,,None,,agency_v2,,Female,,30.0017453255,,001,2017_May_26_1047,
orange,18,2,"left,right",red,0,1,1,17,,,,,,,,,left,0.0695788860321,agency_v2,,Female,,30.0017453255,,001,2017_May_26_1047,
orange,10,1,left,red,0,2,2,9,,,,,,,,,left,0.336394071579,agency_v2,,Female,,30.0017453255,,001,2017_May_26_1047,
