right_color,practice_condition,group,correct,left_color,practice_loop.thisRepN,practice_loop.thisTrialN,practice_loop.thisN,practice_loop.thisIndex,key_resp_1.keys,key_resp_1.rt,key_resp_2.keys,key_resp_2.rt,key_resp_3.keys,key_resp_3.rt,key_resp_4.keys,key_resp_4.rt,practice_key.keys,practice_key.rt,expName,Name,Gender,Age,frameRate,Hand,Session,date,
,,,,,,,,,right,0.815518856049,,,,,,,,,agency_v2,,Female,,30.0680532526,,001,2017_May_26_1049,
,,,,,,,,,,,right,0.703408002853,,,,,,,agency_v2,,Female,,30.0680532526,,001,2017_May_26_1049,
,,,,,,,,,,,,,right,0.703367948532,,,,,agency_v2,,Female,,30.0680532526,,001,2017_May_26_1049,
,,,,,,,,,,,,,,,right,0.53667807579,,,agency_v2,,Female,,30.0680532526,,001,2017_May_26_1049,
brown,14,2,"left,right",red,0,0,0,13,,,,,,,,,None,,agency_v2,,Female,,30.0680532526,,001,2017_May_26_1049,
