right_color,practice_condition,group,correct,left_color,practice_loop.thisRepN,practice_loop.thisTrialN,practice_loop.thisN,practice_loop.thisIndex,key_resp_1.keys,key_resp_1.rt,key_resp_2.keys,key_resp_2.rt,key_resp_3.keys,key_resp_3.rt,key_resp_4.keys,key_resp_4.rt,practice_key.keys,practice_key.rt,expName,Name,Gender,Age,frameRate,Hand,Session,date,
,,,,,,,,,right,1.64745807648,,,,,,,,,agency_v2,,Female,,29.9965099581,,001,2017_May_26_1209,
,,,,,,,,,,,right,1.16843104362,,,,,,,agency_v2,,Female,,29.9965099581,,001,2017_May_26_1209,
,,,,,,,,,,,,,right,3.07160592079,,,,,agency_v2,,Female,,29.9965099581,,001,2017_May_26_1209,
,,,,,,,,,,,,,,,right,1.43623209,,,agency_v2,,Female,,29.9965099581,,001,2017_May_26_1209,
red,13,2,"left,right",red,0,0,0,7,,,,,,,,,left,0.302872896194,agency_v2,,Female,,29.9965099581,,001,2017_May_26_1209,
red,24,3,right,saddlebrown,0,1,1,13,,,,,,,,,right,0.503492116928,agency_v2,,Female,,29.9965099581,,001,2017_May_26_1209,
red,25,3,right,green,0,2,2,14,,,,,,,,,left,0.702950954437,agency_v2,,Female,,29.9965099581,,001,2017_May_26_1209,
red,14,2,"left,right",red,0,3,3,8,,,,,,,,,None,,agency_v2,,Female,,29.9965099581,,001,2017_May_26_1209,
red,22,3,right,darkviolet,0,4,4,11,,,,,,,,,None,,agency_v2,,Female,,29.9965099581,,001,2017_May_26_1209,
red,21,3,right,magenta,0,5,5,10,,,,,,,,,None,,agency_v2,,Female,,29.9965099581,,001,2017_May_26_1209,
red,12,2,"left,right",red,0,6,6,6,,,,,,,,,None,,agency_v2,,Female,,29.9965099581,,001,2017_May_26_1209,
magenta,1,1,left,red,0,7,7,0,,,,,,,,,left,0.503027915955,agency_v2,,Female,,29.9965099581,,001,2017_May_26_1209,
yellow,33,4,"left,right,",saddlebrown,0,8,8,17,,,,,,,,,right,0.636049032211,agency_v2,,Female,,29.9965099581,,001,2017_May_26_1209,
red,23,3,right,yellow,0,9,9,12,,,,,,,,,right,0.535879850388,agency_v2,,Female,,29.9965099581,,001,2017_May_26_1209,
green,32,4,"left,right,",yellow,0,10,10,16,,,,,,,,,None,,agency_v2,,Female,,29.9965099581,,001,2017_May_26_1209,
green,5,1,left,red,0,11,11,4,,,,,,,,,None,,agency_v2,,Female,,29.9965099581,,001,2017_May_26_1209,
yellow,3,1,left,red,0,12,12,2,,,,,,,,,None,,agency_v2,,Female,,29.9965099581,,001,2017_May_26_1209,
magenta,34,4,"left,right,",yellow,0,13,13,18,,,,,,,,,None,,agency_v2,,Female,,29.9965099581,,001,2017_May_26_1209,
saddlebrown,4,1,left,red,0,14,14,3,,,,,,,,,left,0.837670087814,agency_v2,,Female,,29.9965099581,,001,2017_May_26_1209,
red,15,2,"left,right",red,0,15,15,9,,,,,,,,,None,,agency_v2,,Female,,29.9965099581,,001,2017_May_26_1209,
red,11,2,"left,right",red,0,16,16,5,,,,,,,,,left,0.869575977325,agency_v2,,Female,,29.9965099581,,001,2017_May_26_1209,
saddlebrown,35,4,"left,right,",green,0,17,17,19,,,,,,,,,left,0.469228029251,agency_v2,,Female,,29.9965099581,,001,2017_May_26_1209,
darkviolet,2,1,left,red,0,18,18,1,,,,,,,,,left,0.403032064438,agency_v2,,Female,,29.9965099581,,001,2017_May_26_1209,
darkviolet,31,4,"left,right,",magenta,0,19,19,15,,,,,,,,,left,0.769039869308,agency_v2,,Female,,29.9965099581,,001,2017_May_26_1209,
