practice_loop.thisRepN,practice_loop.thisTrialN,practice_loop.thisN,practice_loop.thisIndex,right_color,practice_condition,group,correct,left_color,key_resp_1.keys,key_resp_1.rt,key_resp_2.keys,key_resp_2.rt,key_resp_3.keys,key_resp_3.rt,key_resp_4.keys,key_resp_4.rt,practice_key.keys,expName,Name,Gender,Age,frameRate,Hand,Session,date,
,,,,,,,,,space,0.699351072311,,,,,,,,agency_v2,,Female,,29.8287495875,,001,2017_May_26_1103,
,,,,,,,,,,,space,0.402565002441,,,,,,agency_v2,,Female,,29.8287495875,,001,2017_May_26_1103,
,,,,,,,,,,,,,space,0.870393037796,,,,agency_v2,,Female,,29.8287495875,,001,2017_May_26_1103,
,,,,,,,,,,,,,,,space,0.603765010834,,agency_v2,,Female,,29.8287495875,,001,2017_May_26_1103,
