right_color,practice_condition,group,correct,left_color,practice_loop.thisRepN,practice_loop.thisTrialN,practice_loop.thisN,practice_loop.thisIndex,key_resp_1.keys,key_resp_1.rt,key_resp_2.keys,key_resp_2.rt,key_resp_3.keys,key_resp_3.rt,key_resp_4.keys,key_resp_4.rt,practice_key.keys,practice_key.rt,expName,Name,Gender,Age,frameRate,Hand,Session,date,
,,,,,,,,,right,1.47687411308,,,,,,,,,agency_v2,,Female,,60.0424016938,,001,2017_May_21_2233,
,,,,,,,,,,,right,0.336096048355,,,,,,,agency_v2,,Female,,60.0424016938,,001,2017_May_21_2233,
,,,,,,,,,,,,,right,0.302670001984,,,,,agency_v2,,Female,,60.0424016938,,001,2017_May_21_2233,
,,,,,,,,,,,,,,,right,0.685958862305,,,agency_v2,,Female,,60.0424016938,,001,2017_May_21_2233,
red,14,2,"left,right",red,0,0,0,13,,,,,,,,,left,0.117622852325,agency_v2,,Female,,60.0424016938,,001,2017_May_21_2233,
red,20,2,"left,right",red,0,1,1,19,,,,,,,,,right,0.23604798317,agency_v2,,Female,,60.0424016938,,001,2017_May_21_2233,
red,17,2,"left,right",red,0,2,2,16,,,,,,,,,left,0.169523000717,agency_v2,,Female,,60.0424016938,,001,2017_May_21_2233,
red,12,2,"left,right",red,0,3,3,11,,,,,,,,,left,0.302773952484,agency_v2,,Female,,60.0424016938,,001,2017_May_21_2233,
red,21,3,right,yellow,0,4,4,20,,,,,,,,,left,0.336105108261,agency_v2,,Female,,60.0424016938,,001,2017_May_21_2233,
