right_color,practice_condition,group,correct,left_color,practice_loop.thisRepN,practice_loop.thisTrialN,practice_loop.thisN,practice_loop.thisIndex,key_resp_1.keys,key_resp_1.rt,key_resp_2.keys,key_resp_2.rt,key_resp_3.keys,key_resp_3.rt,key_resp_4.keys,key_resp_4.rt,practice_key.keys,practice_key.rt,expName,Name,Gender,Age,frameRate,Hand,Session,date,
,,,,,,,,,space,0.719535827637,,,,,,,,,agency_v2,,Female,,29.8706198808,,001,2017_May_26_1058,
,,,,,,,,,,,space,0.504314899445,,,,,,,agency_v2,,Female,,29.8706198808,,001,2017_May_26_1058,
,,,,,,,,,,,,,space,0.503656864166,,,,,agency_v2,,Female,,29.8706198808,,001,2017_May_26_1058,
,,,,,,,,,,,,,,,space,0.703491926193,,,agency_v2,,Female,,29.8706198808,,001,2017_May_26_1058,
brown,10,1,left,red,0,0,0,9,,,,,,,,,left,1.27042293549,agency_v2,,Female,,29.8706198808,,001,2017_May_26_1058,
brown,38,4,"left,right,",purple,0,1,1,37,,,,,,,,,None,,agency_v2,,Female,,29.8706198808,,001,2017_May_26_1058,
